case,JT,JSOT,TT,J1S,JF,JSO1S,JSOF,T1S,TF
users,1078.3809523809523,556.1809523809524,839.6619047619047,0.9476190476190476,0.9476190476190476,0.9285714285714286,1.0,0.9047619047619048,0.9047619047619048
order,1745.6190476190477,1255.4857142857143,1585.3904761904762,0.819047619047619,0.819047619047619,0.7857142857142857,0.8333333333333334,0.7428571428571429,0.7857142857142857
company,3574.785714285714,2591.6000000000004,2567.0666666666666,0.18571428571428572,0.4380952380952381,0.21904761904761905,0.48095238095238096,0.0,0.4857142857142857
invoice,1723.457142857143,1348.942857142857,3626.1,0.9,0.9,0.8761904761904762,0.9523809523809523,0.0,0.5238095238095238
